{"cameraMode":{"drawMode":0,"name":"Shaded","section":"Shading Mode"},"sceneLighting":true,"audioPlay":false,"sceneViewState":{"m_AlwaysRefresh":false,"showFog":true,"showSkybox":true,"showFlares":true,"showImageEffects":true,"showParticleSystems":true,"showVisualEffectGraphs":true,"m_FxEnabled":true},"in2DMode":false,"pivot":{"x":-136.57188415527345,"y":122.49543762207031,"z":434.7919006347656},"rotation":{"x":-0.07463622093200684,"y":0.24521395564079286,"z":-0.018121179193258287,"w":-0.9672394394874573},"size":243.2482147216797,"orthographic":false}